TableName,,,,
#AGTXATP,,,,
#CHQJCJP,,,,
#CHQJEXTP,,,,
#DAGTAXP,,,,
#DELNMDP,,,,
#DER0DEP,,,,
#DER1DEP,,,,
#DER7DEP,,,,
#DIVIDNP,,,,
#DIVMDVP,,,,
#EFTAUAUD,,,,
#EFTAUDIT,,,,
#EFTAUTH,,,,
#EFTBEBP,,,,
#EFTJEJP,,,,
#EFTPAYDT,,,,
#EFTSGBP,,,,
#EFTUSER,,,,
#EXDSEDP,,,,
#GSTCGTP,,,,
#PAYIKP,,,,
#PAYIKP1,,,,
#SAUDAUP,,,,
#SLOGSLP,,,,
#SYSPSPP,,,,
@CTRCODES,,,,
@WKIDAUDP,,,,
@WKIDEXT,,,,
@WKIDRELN,,,,
@WKIDWRK,,,,
@WKIDWRKF,,,,
PAYGLDETP,,,,
ACCCODEP,,,,
ACCMONFL,,,,
ACCTSUMD,,,,
ACCTSUMDW,,,,
ACTCSTWK,,,,
ACTCSTWX,,,,
ACTIONS,,,,
ACWKFILP,,,,
ALLOCPOST,,,,
ALOCOVRWK,,,,
APATBCPF,,,,
APATBCWRK,,,,
APAYDEWK,,,,
APCHEQUES,,,,
APINVHEAD,,,,
APLODATA,,,,
APPAYSCDW,,,,
APPEMAILS,,,,
APPINVPOWK,,,,
APPSPRAUD,,,,
APPSREAS,,,,
APPSVERS,,,,
APPUDELAU,,,,
APPUSRDEL,,,,
APRDETAIL,,,,
APRECONWK,,,,
APRECWK,,,,
APRHEAD,,,,
APSCWORK,,,,
APUPLDHLD,,,,
APUPLDHST,,,,
APUPLDVLD,,,,
APUPLOAD,,,,
APWORKFL,,,,
APWRKF,,,,
APWRKFBAU,,,,
ARADDRESS,,,,
ARADJUST,,,,
ARATBJWK,,,,
ARATBRPTW2,,,,
ARATBRPTWK,,,,
ARATBSMWK,,,,
ARCRDAPPL,,,,
ARCREDITS,,,,
ARDUEWK,,,,
ARINTFHED,,,,
ARINTUPLD,,,,
ARINVTEXT,,,,
ARLODATA,,,,
ARMISMTCH,,,,
ARPCLINK,,,,
ARTRANADR,,,,
ARTRANDET,,,,
ARTRANDEX,,,,
ARTRANHDS,,,,
ARTRANHED,,,,
ARTRANHEX,,,,
ARTRANHWK,,,,
ARTRANSEQ,,,,
ARTRANTXT,,,,
ARTRANWK,,,,
ARTRANWRK,,,,
ARTRNUPLD,,,,
ASSBILRTE,,,,
ASSTCODE,,,,
AUDRECWKF,,,,
BANDGRWK,,,,
BANKBRUT,,,,
BANKBRUTW,,,,
BANKDEFN,,,,
BANKDETL,,,,
BANKJDFM,,,,
BANKJSTF,,,,
BANKRCTXT,,,,
BANKREPWK,,,,
BANKSAVE,,,,
BANKSTAT,,,,
BANKTTYP,,,,
BANKTYPE,,,,
BANKWKMAP,,,,
BARCODEFL,,,,
BARCODES,,,,
BARDATE,,,,
BARDATEB4,,,,
BARINTPARM,,,,
BASCODES,,,,
BASDEFNP,,,,
BASREPNO,,,,
BASREPWK4F,,,,
BASREPWKF,,,,
BCHDETREV,,,,
BCHINCEML,,,,
BDWRKDPP,,,,
BEXTRCT,,,,
BFM_ENV,,,,
BFM_FILES,,,,
BFM_INTEG,,,,
BFM_TASK2,,,,
BFM_TASKS,,,,
BFMACCLDF,,,,
BFMACCNTS,,,,
BFMACTACC,,,,
BFMACTAMD,,,,
BFMACTTXT,,,,
BFMAFMADJ,,,,
BFMAFMADJT,,,,
BFMAFMREG,,,,
BFMAFMTXT,,,,
BFMAFMUSA,,,,
BFMCATAMD,,,,
BFMCATEG,,,,
BFMCCAMD,,,,
BFMCHILDS,,,,
BFMCONFRM,,,,
BFMCONTSM,,,,
BFMCSTCTR,,,,
BFMCSTCTRX,,,,
BFMCTHSAM,,,,
BFMCTSGRP,,,,
BFMCTYPHS,,,,
BFMCVLOADP,,,,
BFMFILES,,,,
BFMFMSMWK,,,,
BFMFORMAT,,,,
BFMGENSCD,,,,
BFMGENSCDU,,,,
BFMGLCNTL,,,,
BFMGLICTL,,,,
BFMGLJNLS,,,,
BFMGLJSEQ,,,,
BFMGLRECW,,,,
BFMJOBPAR,,,,
BFMJOBSEC,,,,
BFMJOBSHS,,,,
BFMJOBSHS#,,,,
BFMJSR3Y,,,,
BFMJSTXT,,,,
BFMKEYFLD,,,,
BFMLAYOUT,,,,
BFMLCKAUD,,,,
BFMLEVELS,,,,
BFMLVLAMD,,,,
BFMLVLAUD,,,,
BFMNPFCST,,,,
BFMNPJSEC,,,,
BFMOHLOCK,,,,
BFMPACKS,,,,
BFMPCTYHS,,,,
BFMPJOBHS,,,,
BFMPJSTXT,,,,
BFMPRJCAT,,,,
BFMPTTJOB,,,,
BFMPVARNS,,,,
BFMPYRANL,,,,
BFMREASON,,,,
BFMREPORT,,,,
BFMROACT,,,,
BFMROACTT,,,,
BFMROATYP,,,,
BFMRODET,,,,
BFMROGSUM,,,,
BFMROPSUM,,,,
BFMROSUM,,,,
BFMROTXT,,,,
BFMROWSUM,,,,
BFMRPTDEF,,,,
BFMRPTLVL,,,,
BFMRPTSEC,,,,
BFMRPTTMP,,,,
BFMRPTTOT,,,,
BFMSCITEM,,,,
BFMSPELL,,,,
BFMSUBAMD,,,,
BFMSUBCAT,,,,
BFMSUMJB,,,,
BFMSYSAMD,,,,
BFMSYSPEX,,,,
BFMSYSTEM,,,,
BFMTEMP,,,,
BFMTEXT,,,,
BFMTEXTDT,,,,
BFMTEXTHD,,,,
BFMTRDAMD,,,,
BFMTRDSUM,,,,
BFMTRIGS,,,,
BFMTS1000,,,,
BFMTSCDEF,,,,
BFMTSCDSM,,,,
BFMTSDEFN,,,,
BFMTSGRPC,,,,
BFMTSMACC,,,,
BFMTSMGRP,,,,
BFMTYPES,,,,
BFMUNSPAR,,,,
BFMUSERS,,,,
BFMUSRAMD,,,,
BFMUSRSEC,,,,
BFMUSWSEC,,,,
BFMUWIHAU,,,,
BFMVARNS,,,,
BFMVARNSM,,,,
BFMVITEMS,,,,
BFMVITMEX,,,,
BFMVRNAMD,,,,
BFMWIHAUT,,,,
BFMWIHPAR,,,,
BFMWIHREF,,,,
BFMWORDS,,,,
BFMYRAMD,,,,
BFMYRANAL,,,,
BFMYRASTS,,,,
BGDATEAUD,,,,
BGNOTES,,,,
BGNOTESTX,,,,
BICOMMIT,,,,
BILLCCOVR,,,,
BILLPENDP,,,,
BILLSHTWF,,,,
BILLSTAT,,,,
BILLSTATH,,,,
BIUSERERR,,,,
BLWKSWKP,,,,
BLWRKF,,,,
BMRDTECWF,,,,
BMRDTEXWF,,,,
BNKGRTSTS,,,,
BNKPARMWK,,,,
BTCKWRKF,,,,
BUDEMLWK,,,,
BUDVREXTP,,,,
BUDXFCOM,,,,
BUDXFPEND,,,,
BUDXFRAPP,,,,
BUDXFSEQ#,,,,
BUSNUNITS,,,,
CALMAP,,,,
CASHAPPL,,,,
CASHAPPLWK,,,,
CASHRECDT,,,,
CASHRECHD,,,,
CASHRECTX,,,,
CASHRECWK,,,,
CASHWORK,,,,
CC02221003,,,,
CC13670413,,,,
CC21861658,,,,
CC25101549,,,,
CC28147637,,,,
CC30087532,,,,
CC36969844,,,,
CC39365111,,,,
CC39956831,,,,
CC40370049,,,,
CC43398825,,,,
CC44294350,,,,
CC44980435,,,,
CC48275053,,,,
CC48278526,,,,
CC48280557,,,,
CC48283723,,,,
CC54547249,,,,
CC59086859,,,,
CC59519550,,,,
CC59528010,,,,
CC59539321,,,,
CC59690210,,,,
CC60590542,,,,
CC61417154,,,,
CC62110837,,,,
CC63391723,,,,
CC63982906,,,,
CC67960258,,,,
CC68205423,,,,
CC68213456,,,,
CC70450940,,,,
CC72505812,,,,
CC79581905,,,,
CC81331326,,,,
CC82875041,,,,
CC83484403,,,,
CC89477749,,,,
CC92984108,,,,
CC95855548,,,,
CCBUDGET,,,,
CCBUDTRF,,,,
CCDELETED,,,,
CCEXTDESC,,,,
CCHEADEV,,,,
CCHQWARP,,,,
CCHQWCWP,,,,
CCIPCODE,,,,
CCIPGLDEF,,,,
CCIPJOBS,,,,
CCIPTEXT,,,,
CCIPWORK,,,,
CCLODATA,,,,
CCODES2UP,,,,
CCRASCXP,,,,
CCREALLOC,,,,
CCREDAUDIT,,,,
CCREDCRP,,,,
CCREDNOTE,,,,
CCRENEXP,,,,
CCRENUMBWK,,,,
CCREVENUE,,,,
CCREVHIST,,,,
CCSECURE,,,,
CCSMPERWK,,,,
CCSOWEXT,,,,
CCTOTREF,,,,
CCTRNCTP,,,,
CCTRNCTWP,,,,
CCTRNEXP,,,,
CCTRNWKP,,,,
CDUPINVWK,,,,
CEFTDEWP,,,,
CEFTMBRP,,,,
CEWRKEJP,,,,
CEXINWKP,,,,
CFRMCOLS,,,,
CHGTAXCWK,,,,
CHGTCAUD,,,,
CHKPGMLCK,,,,
CHOICES,,,,
CHQINTPF,,,,
CHQJWORK,,,,
CHQSAVTRN,,,,
CHRISPAYF,,,,
CLAIMHEXT,,,,
CLAIMHIST,,,,
CLAIMHISWK,,,,
CLAIMHSHS,,,,
CLAIMINTF,,,,
CLIENTTXT,,,,
CLIENTYPE,,,,
CLILIBLWK,,,,
CLMCERTWK,,,,
CLMCODWK,,,,
CLMRPTWKF,,,,
CLOCNLNP,,,,
CLRWRKFILE,,,,
CMPTRNSL,,,,
CNVCJNLP,,,,
CNVCREDP,,,,
CNVDEBTP,,,,
CNVDJNLP,,,,
CNVJBMJP,,,,
CNWRKF,,,,
COAMNTUPL,,,,
CODFINHST,,,,
CODMNTUPL,,,,
COGCONEXT,,,,
COMCSTSUM,,,,
COMMCOST,,,,
COMMHIST,,,,
COMMWORKF,,,,
COMPILE,,,,
COMPRLF,,,,
COMPSRCF,,,,
CONCRDXML,,,,
CONEXA,,,,
CONEXACRD,,,,
CONEXAXML,,,,
CONNOTEDTL,,,,
CONNOTEHDR,,,,
CONSACCEL,,,,
CONSACCELW,,,,
CONSCOLS,,,,
CONSDETL,,,,
CONSFIRM,,,,
CONSFIRMW,,,,
CONSHEAD,,,,
CONSLVLS,,,,
CONSLVLSW,,,,
CONTRATXT,,,,
CPASTDTP,,,,
CPAYPPWP,,,,
CPBTAUDIT,,,,
CPBTHIST,,,,
CPBXDOCS,,,,
CPBXPARM,,,,
CPCLMADJ,,,,
CPINVAUD,,,,
CPINVBTCH,,,,
CPINVCOMP,,,,
CPINVDET,,,,
CPINVDLT,,,,
CPINVDLTX,,,,
CPINVDTHS,,,,
CPINVDTWK,,,,
CPINVHDHS,,,,
CPINVNVP,,,,
CPINVTEXT,,,,
CPINVTXDLP,,,,
CPINVTXHS,,,,
CPREJTRN,,,,
CPSAUPAP,,,,
CPTRNTYP,,,,
CPYSCPYP,,,,
CPYSTPSP,,,,
CQRENAME,,,,
CQWRKCJP,,,,
CRAGFCAP,,,,
CRDABNAUD,,,,
CRDALPHA,,,,
CRDBALWK,,,,
CRDBANKDT,,,,
CRDCODWKP,,,,
CRDCONDET,,,,
CRDRECWORK,,,,
CRDREPLIC,,,,
CRDSTMDT,,,,
CRDSTMPD,,,,
CRDSTMTX,,,,
CRDSTPWRK,,,,
CRDTFCDP,,,,
CRDTYPWKP,,,,
CRDUPINP,,,,
CREDEMP,,,,
CREDINSUR,,,,
CREDITORS,,,,
CREDRENAME,,,,
CREDSOS,,,,
CREDSTMT,,,,
CREDTRNDT,,,,
CREDTRNHD,,,,
CREDTYPDT,,,,
CREDTYPE,,,,
CREDWORK,,,,
CRETNRLP,,,,
CREUSRDEF,,,,
CRINVDET,,,,
CRINVRIP,,,,
CRMTMRMP,,,,
CROHIODP,,,,
CRPRAPXP,,,,
CRPRFCPP,,,,
CRPRJRTP,,,,
CRPRSPRP,,,,
CRPRXPRP,,,,
CRRFNCNP,,,,
CRSELECT,,,,
CRTVIROBJP,,,,
CSHFRJWK,,,,
CSHWRK,,,,
CSTREPDEF,,,,
CSTREPORT,,,,
CSVLADDET,,,,
CSVRETURN,,,,
CTRLABAWK,,,,
CTRLABEWK,,,,
CTRRNMWK,,,,
CURRAUDIT,,,,
CURRTEMTH,,,,
CUSERCUP,,,,
CWIPCOMWK,,,,
CWIPCTLDB,,,,
CWIPENQOUT,,,,
CWIPRPTWK,,,,
CWIPWORKF,,,,
CWIPWRKF2,,,,
CWIPWRKF3,,,,
DARDUEWRK,,,,
DATSMART,,,,
DBMERGEWK,,,,
DBPAYTERMS,,,,
DBTAMEND,,,,
DBTCOLJWK,,,,
DBTRENAME,,,,
DBTREPLIC,,,,
DBTUPLOAD,,,,
DCLMHDCP,,,,
DCSHWORK,,,,
DDBASDXP,,,,
DDBUNBUP,,,,
DDCHQCIP,,,,
DDCONCOP,,,,
DDELADDP,,,,
DDHSTDHP,,,,
DDKDEFPRV,,,,
DDKRPTWK,,,,
DDKTPIHS,,,,
DDNOTDNP,,,,
DDOPADOP,,,,
DDUPLOD,,,,
DEBTALPHA,,,,
DEBTCONWK,,,,
DEBTEXTWK,,,,
DEBTMODCM,,,,
DEBTORCON,,,,
DEBTORDOC,,,,
DEBTOREXT,,,,
DEBTORMOD,,,,
DEBTORREV,,,,
DEBTORS,,,,
DEBTORSGC,,,,
DEBTTRNAJ,,,,
DEBTTRNDT,,,,
DEBTTYPE,,,,
DEBUSRDEF,,,,
DECISIONS,,,,
DEFAULTJB,,,,
DELAUTH,,,,
DELIVAMD,,,,
DEPOSITS,,,,
DFUACFUP,,,,
DGCRDGCP,,,,
DIADJIAP,,,,
DINVDWRK,,,,
DINVTEXT,,,,
DIPRDIPP,,,,
DIPRHIPP,,,,
DISSFILE,,,,
DIVISIONS,,,,
DLPYJBWF,,,,
DMGLABCNT,,,,
DMGLABSUM,,,,
DNOTETEXT,,,,
DOCORIGIN,,,,
DOCTYPES,,,,
DPARTMNTS,,,,
DPEXRPQ,,,,
DPLREPWF,,,,
DPMCRPQ,,,,
DPMHRPQ,,,,
DPR2RPQ,,,,
DPRARPQ,,,,
DPRSRPQ,,,,
DRACCEXCL,,,,
DREGISTER,,,,
DRTEMPLAT,,,,
DSDETAIL,,,,
DSFMTSFP,,,,
DSHEADER,,,,
DSJNLSJP,,,,
DSPFDATR,,,,
DSPFDBAS,,,,
DSPJOBSTS,,,,
DSSCORPHN,,,,
DSTAXSTP,,,,
DUPPAYMNT,,,,
DVTFJNWF,,,,
EACTVACP,,,,
EBANDEBP,,,,
EBFSWORKP,,,,
EBLDFBFP,,,,
EBLDOBOP,,,,
EBLHDBRP,,,,
EBLHSBIP,,,,
EBLSCBOP,,,,
EBVSACTWKF,,,,
ECONTACT,,,,
ECONTACTX,,,,
ECONTCTCC,,,,
EDSCDDCP,,,,
EEMPHRS2,,,,
EEMPHRS3,,,,
EEPKGEPP,,,,
EEVENTS,,,,
EEVENTSCC,,,,
EFLUCACCT,,,,
EFPDFBFP,,,,
EFPHDBRP,,,,
EFTPAYLCK,,,,
EFTWKIDWF,,,,
EGLRTGTP,,,,
EGYCRDETY,,,,
EGYGROUPS,,,,
EGYINVSTS,,,,
EGYTYPES,,,,
EGYUSETRN,,,,
EHSDTHDP,,,,
EHSHDHHP,,,,
EINBDIBP,,,,
EINDSISP,,,,
EINGPIGP,,,,
EJBEDDRP,,,,
ELSDFLFP,,,,
ELSDOLOP,,,,
ELSHDLRP,,,,
EMAILLOG,,,,
EMPACRADJ,,,,
EMPALDEWK,,,,
EMPEXTSUR,,,,
EMPLOYEES,,,,
EMPLOYEXT,,,,
EMPMASEXT,,,,
EMPNOTES,,,,
EMPNWORKF,,,,
EMPPAYDWF,,,,
EMPPAYHWF,,,,
EMPPAYTYP,,,,
EMPPROFSQ,,,,
EMPPROFWK,,,,
EMPQUALCD,,,,
EMPQUALIF,,,,
EMPSUBGRP,,,,
EMPSUMRAT,,,,
EMPTFNREG,,,,
EMPTYPES,,,,
EMSLCMSP,,,,
EOMCMDSTR,,,,
ERPAUDSTS,,,,
ERPCOSTTR,,,,
ERPDNIRC,,,,
ERPDOCLNK,,,,
ERPEMAIL,,,,
ERPFILESQ,,,,
ERPFTPMBR,,,,
ERPGLDAUD,,,,
ERPGLRDWK,,,,
ERPGLRECD,,,,
ERPGLRECH,,,,
ERPGLRWK,,,,
ERPINTPAR,,,,
ERPINVFTP,,,,
ERPINVPAY,,,,
ERPIRCERR,,,,
ERPIRCMSG,,,,
ERPIRCPRO,,,,
ERPIRCUPL,,,,
ERPJNLAUD,,,,
ERPJNLERR,,,,
ERPJNLFTP,,,,
ERPJNLMSG,,,,
ERPJNLPRO,,,,
ERPJNLUPL,,,,
ERPJNLWRK,,,,
ERPTRNTYP,,,,
ERRLVLRB,,,,
ESELDDSP,,,,
ESELHHSP,,,,
ETCODETYP,,,,
ETENTBJWD,,,,
ETENTBJWK,,,,
ETIDFBFP,,,,
ETIHDBRP,,,,
ETJCONFIG,,,,
ETJPUBHOL,,,,
ETPRINTWK,,,,
ETSALLOW,,,,
ETSALLOWW,,,,
ETSAWARDS,,,,
ETSDTTD3,,,,
ETSDTTD4,,,,
ETSDTTDP,,,,
ETSHDTHP,,,,
ETSPMAHIS,,,,
ETSPMAPP,,,,
ETSQENTDC,,,,
ETSQENTDT,,,,
ETSQENTUP,,,,
EVCODEUPL,,,,
EVENTAMD,,,,
EVENTMAST,,,,
EVENTS,,,,
EVENTSTRUC,,,,
EVERRORWK,,,,
EVIDFCAST,,,,
EVIDHOLD,,,,
EVIDHOLDWK,,,,
EVIDREVIS,,,,
EVIDUPL,,,,
EVIHFCAST,,,,
EVIHHOLD,,,,
EVIHQTYD,,,,
EVIHREVIS,,,,
EVIHUPL,,,,
EVITHOLD,,,,
EVITHOLDWK,,,,
EVITREVIS,,,,
EVREVHEAD,,,,
EWEKNWKP,,,,
EXCHRATE,,,,
EXCONCHP,,,,
EXDCMDCP,,,,
EXDDDDDP,,,,
EXDDHDHP,,,,
EXDOCDNP,,,,
EXDSTDSP,,,,
EXHDREHP,,,,
EXINSISP,,,,
EXOAKAKP,,,,
EXPERTEST,,,,
EXPERTVAR,,,,
EXPERTWK,,,,
EXPITMDSC,,,,
EXPSIDESC,,,,
EXPVARWK,,,,
EXSPLESP,,,,
EXSSUSSP,,,,
EXTXTETP,,,,
FAA1REP,,,,
FAA2REP,,,,
FAA3REP,,,,
FAA4REP,,,,
FAA5REP,,,,
FAA6REP,,,,
FAA7REP,,,,
FAA8REAUD,,,,
FAA8REP,,,,
FAA9REP,,,,
FAADAAP,,,,
FAADACP,,,,
FAADASP,,,,
FAADREP,,,,
FAAHREP,,,,
FAAPACP,,,,
FAAPLNP,,,,
FAAPLNQ2,,,,
FAAPLNQ5,,,,
FAASSETAU,,,,
FAASSTAUDP,,,,
FAASSTEAU,,,,
FAASSTEP,,,,
FAASSTEXP,,,,
FAASSTMP,,,,
FAASSTMP1,,,,
FAASSTP,,,,
FAASSTQ3,,,,
FAASSTQ4,,,,
FAASSTQ5,,,,
FAASSTQB,,,,
FAASSTQN,,,,
FAASSTX,,,,
FAB0REP,,,,
FAB1REP,,,,
FAB2REP,,,,
FAB4REP,,,,
FAB5REP,,,,
FAB6REP,,,,
FAB7REP,,,,
FAB8REP,,,,
FABARCAUD,,,,
FABARCP,,,,
FABAREP,,,,
FABBREP,,,,
FABCREP,,,,
FABDREP,,,,
FABEREP,,,,
FABFREP,,,,
FABGREP,,,,
FABGREQ4,,,,
FABGREQ5,,,,
FABGREQ6,,,,
FABHREP,,,,
FABILCP,,,,
FABILRAUD,,,,
FABILRP,,,,
FABIREP,,,,
FABJREP,,,,
FABJREQ2,,,,
FABKREP,,,,
FABKREQ2,,,,
FABKREQ3,,,,
FABKREQ4,,,,
FABKREQ5,,,,
FABKREQ6,,,,
FABLCPP,,,,
FABLDETP,,,,
FABLHEDP,,,,
FABLREAUD,,,,
FABLREP,,,,
FABMCPP,,,,
FABOREP,,,,
FABQREP,,,,
FABRREP,,,,
FABSREP,,,,
FABTREP,,,,
FABUDGP,,,,
FABUREP,,,,
FABVREP,,,,
FABYREP,,,,
FABZREP,,,,
FAC1REP,,,,
FAC2REP,,,,
FAC3CPP,,,,
FAC4CPP,,,,
FAC5REP,,,,
FAC6REP,,,,
FAC7REP,,,,
FAC8REP,,,,
FACAREP,,,,
FACATEP,,,,
FACBREP,,,,
FACCDEP,,,,
FACDREP,,,,
FACEREP,,,,
FACFCPP,,,,
FACGCPP,,,,
FACHREP,,,,
FACIREP,,,,
FACJREP,,,,
FACKREP,,,,
FACLASP,,,,
FACLREP,,,,
FACMREP,,,,
FACMREPWK,,,,
FACNREP,,,,
FACNREPWK,,,,
FACNREXP,,,,
FACODEP,,,,
FACOMMAUD,,,,
FACOMMP,,,,
FACOMPP,,,,
FACOREP,,,,
FACOREQ2,,,,
FACPREP,,,,
FACQREP,,,,
FACSREP,,,,
FACSREQ6,,,,
FACTREP,,,,
FACUREP,,,,
FACVALP,,,,
FACVREP,,,,
FACWREP,,,,
FACXREP,,,,
FACYREP,,,,
FACYTDCP,,,,
FACZREP,,,,
FADAPFAP,,,,
FADAREP,,,,
FADBREP,,,,
FADEPMAUD,,,,
FADEPMP,,,,
FADEPRP,,,,
FADEPSP,,,,
FADEPTFP,,,,
FADEPTP,,,,
FADEPTQ3,,,,
FADEPTQ4,,,,
FADEPTQ5,,,,
FADEPTQ7,,,,
FADEPTXP,,,,
FADPSCHWK,,,,
FADSPRSN,,,,
FADTLFDP,,,,
FAFINAP,,,,
FAFINAQ2,,,,
FAGRPP,,,,
FAHISTP,,,,
FAINSUP,,,,
FAINSUQ2,,,,
FALEASCWK,,,,
FALSELBWK,,,,
FANOHRP,,,,
FANOTEP,,,,
FANUMBP,,,,
FAODOMP,,,,
FAOPT1P,,,,
FAPTWORKF,,,,
FAREGP,,,,
FAREGPX,,,,
FASTATP,,,,
FASTKTP,,,,
FASTKWKP,,,,
FATECHAUD,,,,
FATECHP,,,,
FAW2PFRW1,,,,
FAW2PFRWK,,,,
FAXQUEJP,,,,
FAXQUEUE,,,,
FBAAREP,,,,
FBABREP,,,,
FBACREP,,,,
FBADREP,,,,
FBAEREP,,,,
FCASTTXP,,,,
FCFORECAST,,,,
FCLEVELS,,,,
FCSCENARIO,,,,
FCSTCOMM,,,,
FCSTCURR,,,,
FCSTCURRD,,,,
FCSTFLAG,,,,
FCSTFLAUD,,,,
FCSTLOCK,,,,
FCSTMETH,,,,
FCSTMTHWKP,,,,
FCTYPE,,,,
FCUPDAUD,,,,
FCVERSION,,,,
FFIELDSC,,,,
FIELDRAR,,,,
FILEBKEYED,,,,
FILESIN,,,,
FINEPRTWK,,,,
FINVSTWK,,,,
FIXCNAMP,,,,
FIXCOSTEXC,,,,
FJCODECCP,,,,
FJOBCSTTYP,,,,
FJOBS,,,,
FJVARNVRP,,,,
FJVITMVIP,,,,
FLDAUDWKF,,,,
FMASTFJP,,,,
FMASTTJP,,,,
FMINTPARM,,,,
FMLOCTJP,,,,
FORMAP001,,,,
FORMAP002,,,,
FORMAP003,,,,
FORMAR001,,,,
FORMAR002,,,,
FORMAR003,,,,
FORMAR004,,,,
FORMAR005,,,,
FORMAR006,,,,
FORMAR007,,,,
FORMCN001,,,,
FORMCQ001,,,,
FORMCQ002,,,,
FORMCR001,,,,
FORMEI001,,,,
FORMGL001,,,,
FORMPC001,,,,
FORMPC002,,,,
FORMPC003,,,,
FORMPC004,,,,
FORMPO001,,,,
FORMPY001,,,,
FORMPY002,,,,
FORMPY003,,,,
FORMPY004,,,,
FORMPY005,,,,
FORMSC001,,,,
FORMSC002,,,,
FORMSC003,,,,
FORMSC004,,,,
FORMSC005,,,,
FORMSC006,,,,
FORMSC007,,,,
FORMSC008,,,,
FORMSO001,,,,
FORMSO002,,,,
FORMSP001,,,,
FORMSP002,,,,
FORMSP003,,,,
FORMSP004,,,,
FORMSP005,,,,
FORMSP006,,,,
FORMSP007,,,,
FORMSP008,,,,
FORMVR001,,,,
FORMVR002,,,,
FORMVR003,,,,
FORMVR004,,,,
FPJOBS,,,,
FSTEXTPP,,,,
FSTUSRDEF,,,,
FVCONFIG,,,,
FVCONTMAP,,,,
FVDEFECTS,,,,
FVFORMFLD,,,,
FVFORMLIST,,,,
FVFORMSTAT,,,,
FVJOBCONT,,,,
FVJOBFIELD,,,,
FVJOBFORM,,,,
FVJOBMAP,,,,
FVJOBPDA,,,,
FVPDAITEM,,,,
FVPDALIST,,,,
FVPOHEAD,,,,
FVPOITEM,,,,
FVTSIMPORT,,,,
FZBGREP,,,,
GANBNGLP,,,,
GBDEPDPP,,,,
GBPSMPSP,,,,
GENSECCOD,,,,
GGFLTGFP,,,,
GGLRNAUP,,,,
GGLRNG1P,,,,
GGLRNG2P,,,,
GGLRNWKP,,,,
GGLWKWKP,,,,
GGSQDBDP,,,,
GGSQHBHP,,,,
GGSRTGLC,,,,
GGSRTGLP,,,,
GIPLFFMP,,,,
GIPLRSQP,,,,
GIPLWWKP,,,,
GJJDTBDP,,,,
GJJHDBHP,,,,
GLACCEXT,,,,
GLACCOUNT,,,,
GLACCOUNXX,,,,
GLACSPLIT,,,,
GLACTUPL,,,,
GLAMEND,,,,
GLAPWORK,,,,
GLBUDGETH,,,,
GLCACCTS,,,,
GLCOAMAST,,,,
GLCOASTAT,,,,
GLCOAUPL,,,,
GLCRECWF,,,,
GLCVALS,,,,
GLDDJDETL,,,,
GLDDJHEAD,,,,
GLFCNOTES,,,,
GLFCSPREAD,,,,
GLFILELIST,,,,
GLINTPARM,,,,
GLINTWRKF,,,,
GLJNLDETL,,,,
GLJNLHEAD,,,,
GLJREVWK,,,,
GLNOTESWK,,,,
GLOBSWKP,,,,
GLREFRNCE,,,,
GLRNMWKP,,,,
GLRPTACCT,,,,
GLRPTCOLM,,,,
GLRPTHEAD,,,,
GLRPTNME,,,,
GLRPTNMEWK,,,,
GLRPTNOTE,,,,
GLRPTRPW1,,,,
GLRPTRPW2,,,,
GLRPTRPW3,,,,
GLRPTRPW4,,,,
GLRPTRPWK,,,,
GLRPTSHD2,,,,
GLRPTSUBH,,,,
GLSECURE,,,,
GLSLTWKID,,,,
GLSTATACT,,,,
GLSTATBUD,,,,
GLSUEXTP,,,,
GLSUMHIST,,,,
GLSUMMARY,,,,
GLSUMSAVE,,,,
GLTBLWRK,,,,
GLTYFCTXP,,,,
GLUSIDSEC,,,,
GLWIPGDP,,,,
GLYTDWRK,,,,
GNYBDBUP,,,,
GROUPRUSU,,,,
GSECCDTXT,,,,
GSSNQSQP,,,,
GSUNQSQP,,,,
GTEXTTXP,,,,
GTFNDTFP,,,,
GTFSTTSP,,,,
HARDWARE,,,,
HARTRANS,,,,
HARTRANS##,,,,
HARTRANSIN,,,,
HCASHREC,,,,
HCASHRECIN,,,,
HCRUTCWP,,,,
HDFTCODES,,,,
HDFTTEXT,,,,
HEADINGP,,,,
HELPLINKS,,,,
HEMDRDRP,,,,
HGHBTGHP,,,,
HHDINHDP,,,,
HINSNPWP,,,,
HJITMPWP,,,,
HLABPLWP,,,,
HLIIWLWP,,,,
HLOCTLOP,,,,
HOLD_IT,,,,
HPHISHSP,,,,
HPHJHHHP,,,,
HPHJIHDP,,,,
HPILPPWP,,,,
HPILWPWP,,,,
HPLHSPHP,,,,
HPLTHPHP,,,,
HPLTJPJP,,,,
HPLTSPSP,,,,
HPLTTPTP,,,,
HPLTUPUP,,,,
HPLTYPYP,,,,
HPLWKPWP,,,,
HPMOVPMP,,,,
HRAPPCOM,,,,
HRAPPREF,,,,
HRAPPRSAL,,,,
HRAPPS,,,,
HRAPPSCD,,,,
HRAPPSRC,,,,
HRAPPSTG,,,,
HRAPRTYP,,,,
HRAPTREMP,,,,
HRAREFCOM,,,,
HRASTGCOM,,,,
HRATERAP,,,,
HRBUSUNT,,,,
HRCAPHRSD,,,,
HRCAPHRSH,,,,
HRCODES,,,,
HRCOMPWK,,,,
HREEQPDES,,,,
HREMPEQP,,,,
HREMPPOS,,,,
HREMPPRJ,,,,
HREMPPRJWK,,,,
HREMPTRN,,,,
HRENQAWK,,,,
HRENQDWK,,,,
HRENQEWK,,,,
HRENQLWK,,,,
HRENQPWK,,,,
HRENQRPWK,,,,
HRENQRWK,,,,
HRENQTWK,,,,
HRESECWK,,,,
HRETRNCOM,,,,
HRIDCODES,,,,
HRIDDAYLS,,,,
HRIDREG,,,,
HRIDREGTX,,,,
HRINCTYPE,,,,
HRINDGRP,,,,
HRINDTYP,,,,
HRISSTYP,,,,
HRISUBGRP,,,,
HRITMITP,,,,
HRLOCATNS,,,,
HRPAUDFILE,,,,
HRPERIND,,,,
HRPERINDD,,,,
HRPOSCLS,,,,
HRPOSHIST,,,,
HRPOSITNS,,,,
HRPOSLINM,,,,
HRPRVTRN,,,,
HRQUALTYP,,,,
HRRECMTH,,,,
HRRECPOS,,,,
HRRECSTS,,,,
HRREPAWK,,,,
HRREPDWK,,,,
HRREPPWK,,,,
HRRPMCOM,,,,
HRRPOSMTH,,,,
HRSUBUNT,,,,
HRTCTYPE,,,,
HRTRCSWK,,,,
HRTRNCODE,,,,
HRTRNPROV,,,,
HSBCDET,,,,
HSBCHED,,,,
HSCAWORK,,,,
HSCCAMD,,,,
HWSALSWP,,,,
ICABSC,,,,
ICABSCOVR,,,,
ICACPARM,,,,
ICAGLDETL,,,,
ICBGCONT,,,,
ICBGHIST,,,,
ICCONTROL,,,,
ICCPARMFM,,,,
IDMS_HASH,,,,
IDMS_TYPE,,,,
IFSOBJECT,,,,
IIPRMIPP,,,,
IIRJPARM,,,,
IMANTEAM,,,,
IMST,,,,
INCITEPOX,,,,
INCTAXCWK,,,,
INDUSTRYS,,,,
INSCODES,,,,
INTCHARGE,,,,
INTEGDEF,,,,
INTEGSTEP,,,,
INTEMAILS,,,,
INTERCOMP,,,,
INTPARM,,,,
INTPARMDS,,,,
INTVARY,,,,
INVAPPAUD,,,,
INVAPPROV,,,,
INVCLASS,,,,
INVCLDESC,,,,
INVHWFIWK,,,,
INVNOTES,,,,
INVNOTETX,,,,
INVPARTP,,,,
INVREJECT,,,,
INVREJTXT,,,,
INVSNDAWK,,,,
INVWRK,,,,
IRJCCWF,,,,
IRJCONTRL,,,,
IRJWKFILE,,,,
ITEMCCWK,,,,
ITEMGROP,,,,
ITEMMAPWK,,,,
ITEMTXTWK,,,,
ITEMTYPE,,,,
ITEMTYPWKP,,,,
ITMBUDLCK,,,,
ITMSUBVWK,,,,
ITXTWORKF,,,,
J2K455TXT,,,,
J2WRKF,,,,
JBBWRKF,,,,
JBGTEXT,,,,
JBSECURE,,,,
JBSPLBSP,,,,
JBTRNFER,,,,
JBTRNFERBX,,,,
JBUSIDSEC,,,,
JBVALDHST,,,,
JBVALDOUT,,,,
JBVALDWK,,,,
JBVALSWK,,,,
JBWRKFILE,,,,
JCBADCBP,,,,
JCCEXTP,,,,
JCCGCCGP,,,,
JCCGLWKP,,,,
JCCMVMWP,,,,
JCCTBTBP,,,,
JCEOMAUDIT,,,,
JCESTESP,,,,
JCODECCP,,,,
JCODECMPW,,,,
JCODELGP,,,,
JCODEWKP,,,,
JCODEXTHS,,,,
JCODEXTP,,,,
JCONTCMP,,,,
JCONTCNP,,,,
JCONTWKP,,,,
JCOPYWKP,,,,
JCPBTCPP,,,,
JCSHAACP,,,,
JCSHIICP,,,,
JCSHMMCP,,,,
JCTYDYDP,,,,
JCTYPTAP,,,,
JDCAUDIT,,,,
JDLMSWKP,,,,
JDLRCWKP,,,,
JEXTFILE,,,,
JFROLFRP,,,,
JGLINTFP,,,,
JHRTEHRP,,,,
JHSCAHAP,,,,
JHSCCHCP,,,,
JHSJBHJP,,,,
JHSJTHTP,,,,
JICAMIJP,,,,
JICCTIGP,,,,
JICHGWKP,,,,
JICSMWKP,,,,
JIDESDEP,,,,
JITDWORKF,,,,
JITESIEP,,,,
JIXESXEP,,,,
JJBBGBBP,,,,
JJBPFPFP,,,,
JJGRPJGP,,,,
JJINTJZP,,,,
JJITRJYP,,,,
JJNOTJNP,,,,
JJNOTVJVP,,,,
JJOBDJDP,,,,
JJOBIJIP,,,,
JJOBPJP1,,,,
JJOBPJPP,,,,
JJOBSJQ3,,,,
JJREVRVP,,,,
JJTYPTYP,,,,
JLABCLBP,,,,
JLABRWK,,,,
JLABSLSP,,,,
JLABWRKF,,,,
JLOCATIONS,,,,
JLQPMWRK,,,,
JLQWRKF,,,,
JMLASMLP,,,,
JMREPWRK,,,,
JMTXTMTP,,,,
JOBCARDS,,,,
JOBCDETL,,,,
JOBCITEMS,,,,
JOBCSHACR,,,,
JOBCSTCOD,,,,
JOBCSTTYP,,,,
JOBCTYEXP,,,,
JOBDATA,,,,
JOBDETEXP,,,,
JOBFINHST,,,,
JOBGROWWK,,,,
JOBGRPWKP,,,,
JOBINDREP,,,,
JOBJOURAM,,,,
JOBJOURNL,,,,
JOBLDLGAU,,,,
JOBLEADLG,,,,
JOBLLAGWK,,,,
JOBMAR04,,,,
JOBMERGE,,,,
JOBMRGDET,,,,
JOBPACDS,,,,
JOBPD,,,,
JOBPDDSHS,,,,
JOBPDDSTX,,,,
JOBPDHS,,,,
JOBPDINDS,,,,
JOBPDISS,,,,
JOBPDNOTE,,,,
JOBPDNTHS,,,,
JOBPDSCLM,,,,
JOBPDTXHS,,,,
JOBRESCOD,,,,
JOBROLEXC,,,,
JOBROLEXCH,,,,
JOBRSALES,,,,
JOBS,,,,
JOBSCORE,,,,
JOBSDATEX,,,,
JOBSEXTP,,,,
JOBSPLIT,,,,
JOBSUMHST,,,,
JOBTYPES,,,,
JOBUSRDEF,,,,
JOBWKP,,,,
JOTYPJOP,,,,
JP_TRIGS,,,,
JPACCJJP,,,,
JPBRABRP,,,,
JPCALPF,,,,
JPCAUPCP,,,,
JPCHWEREG,,,,
JPDELBFMP,,,,
JPDELBMRD,,,,
JPDELCHST,,,,
JPDELCTRNP,,,,
JPDELDHP,,,,
JPDELDHST,,,,
JPDELDLP,,,,
JPDHSDHP,,,,
JPEBMARK,,,,
JPERRORS,,,,
JPEXTINT,,,,
JPFUNCTN,,,,
JPGPAINTF,,,,
JPINTACST,,,,
JPINTFLDS,,,,
JPINTPARM,,,,
JPINTXRF,,,,
JPJURIDICO,,,,
JPLOGPLP,,,,
JPLTIPIP,,,,
JPLTIPIP##,,,,
JPMPEXTF,,,,
JPMRHMHP,,,,
JPOBROBP,,,,
JPODAOAP,,,,
JPODAPDP,,,,
JPODLDLP,,,,
JPODLVYP,,,,
JPOIJMVP,,,,
JPOPRFRP,,,,
JPOPRPRP,,,,
JPORDOIP,,,,
JPOTTTTP,,,,
JPOTXPTP,,,,
JPOTXTWK,,,,
JPOWKOWP,,,,
JPOWKPWP,,,,
JPPEXTPF,,,,
JPPRNPOP,,,,
JPPRNWRK,,,,
JPRCNCXP,,,,
JPRCNYXP,,,,
JPRECAPWK,,,,
JPRELEASE,,,,
JPROPPRP,,,,
JPROPTYP,,,,
JPRSTPSP,,,,
JPSSCSCP,,,,
JPSSDSDP,,,,
JPSTCSTP,,,,
JPSTXSXP,,,,
JPSUBMODS,,,,
JPTRATRP,,,,
JPTXDTDP,,,,
JREXTRACT,,,,
JSAMDSAP,,,,
JSBBGSBP,,,,
JSCLMSCPWK,,,,
JSGPDGPP,,,,
JSGPHGHP,,,,
JSHLDSSP,,,,
JSINVSIP,,,,
JSKIMJZP,,,,
JSKITJZP,,,,
JSORDWRK,,,,
JSORVSVP,,,,
JSPRNSOP,,,,
JSTDRSEP,,,,
JTCHGWKP,,,,
JUCCVITEM,,,,
JUCREDAUD,,,,
JUCREDS,,,,
JUDEBTAUD,,,,
JUDEBTS,,,,
JUEMPACR,,,,
JUEMPAUD,,,,
JUEMPS,,,,
JUETSENT,,,,
JUETSJOB,,,,
JUFAASSET,,,,
JUFABILIN,,,,
JUFADEPRN,,,,
JUFAFINLEA,,,,
JUFAPTS,,,,
JUFFQS,,,,
JUGJNLS,,,,
JUHRPERDT,,,,
JUJISJDE,,,,
JUJOBSTAT,,,,
JUMETRHLD,,,,
JUPAUAACC,,,,
JUPAUAASS,,,,
JUPAUAJOB,,,,
JUPAYRATE,,,,
JUPCSTRUC,,,,
JUSCAAUTH,,,,
JUSCITMUP,,,,
JUSTKISS,,,,
JUSUPPROD,,,,
JUTSHENT,,,,
JUUNSECUR,,,,
JUUSEMMAP,,,,
JVABAVBP,,,,
JVAIUVFP,,,,
JVARCLCP,,,,
JVARCLWK,,,,
JVARNEXP,,,,
JVARNVRP,,,,
JVFINVFP,,,,
JVGRPVGP,,,,
JVINSVSP,,,,
JVITFUIP,,,,
JVITMEXP,,,,
JVITMVIP,,,,
JVNBLVBP,,,,
JVPKGVPP,,,,
JVRSNVCP,,,,
JVTXCVXP,,,,
JVTXTVXP,,,,
JVTYPVTP,,,,
JWIPWWWP,,,,
KCCDTCFP,,,,
KCCVLCVP,,,,
KCLCDAUDP,,,,
KCLCDCEP,,,,
KCLCDEXHS,,,,
KCLCDEXTP,,,,
KCLCDORG,,,,
KCLCDWRK,,,,
KCLHSCHP,,,,
KCLMSMHP,,,,
KCLVRVHP,,,,
KEMPWB1,,,,
KEYFIELDS,,,,
KHSCLHLP,,,,
KHSIDHIP,,,,
KITXTHIS,,,,
KITXTORG,,,,
KITXTTXP,,,,
KJITDAUDP,,,,
KJITDEXT,,,,
KJITDIDP,,,,
KJITDORG,,,,
KJITDWRK,,,,
KNOSCNSP,,,,
KPCHDPHP,,,,
KTDCDTR1,,,,
KTDCDTRP,,,,
LABAPPWK,,,,
LABCSTWK,,,,
LABDETWK,,,,
LABHRSDWF,,,,
LABHRSDWK,,,,
LABHRSWK,,,,
LCUSIDSEC,,,,
LDINTWKF,,,,
LH00848527,,,,
LH85022443,,,,
LICTYPES,,,,
LOADARHLD,,,,
LOADJOBF,,,,
LOADPOHLD,,,,
LOADPOINT,,,,
LOADWSHTF,,,,
LODCASHFL,,,,
LODCLAIMFL,,,,
LODGREFP,,,,
LODJOBCON,,,,
LODPAYACR,,,,
LODREVFL,,,,
LODSCDATA,,,,
LODVARNFL,,,,
LUCONRPTS,,,,
LUCONWRKF,,,,
MAMONITOR,,,,
MENUCOPY,,,,
MENUCPYWK,,,,
MERGEAUD,,,,
MERGEOMIT,,,,
MFSTUSRDEF,,,,
MJCASJXP,,,,
MJCRDJCPXX,,,,
MJDEFJFP,,,,
MJIAPERRF,,,,
MJIAPHISP,,,,
MJIAPINTF,,,,
MJIAPPROF,,,,
MJICRDINTF,,,,
MJIGLERRF,,,,
MJIGLHISP,,,,
MJIGLINTF,,,,
MJIGLPROF,,,,
MJIGLWRKF,,,,
MJIPTTRF,,,,
MJIPYERRF,,,,
MJIPYHISP,,,,
MJIPYINTF,,,,
MJIPYPROF,,,,
MJIWOHISP,,,,
MNARDATA,,,,
MNCCBUD,,,,
MONFAXWRK,,,,
MOS,,,,
MOVEDIVS,,,,
MOVEJOBMAP,,,,
MOVEJOBREC,,,,
MRGWRKF,,,,
MVCATEG,,,,
MVJOBCATG,,,,
MVJOBSUBC,,,,
MVPJBCATG,,,,
MVPJBSUBC,,,,
MVSUBCAT,,,,
MWCATWCP,,,,
MWDATWDP,,,,
NEWGRPFL,,,,
NEWREPSUFL,,,,
NEWREPUFL,,,,
NWGLBUTAB,,,,
NWJBBUTAB,,,,
OBJLOCKPF,,,,
OBSCWORKF,,,,
OBSCWORKF2,,,,
OBSCWORKF3,,,,
OBSCWORKF4,,,,
OBSTOCKFL,,,,
ODTGTIDTW,,,,
OHCATEGP,,,,
OHRDEFN,,,,
OHRTRAN,,,,
OLAPCSV,,,,
OPRDYNOT,,,,
ORDINTRPW,,,,
ORDTEXT,,,,
OUTBAL,,,,
OUTRETNWK,,,,
PAADEFACC,,,,
PAADEFASS,,,,
PAADEFJOB,,,,
PAAPPTEXT,,,,
PAAPPTOL,,,,
PAAWFLOWD,,,,
PAAWFLOWH,,,,
PAAWFUSWK,,,,
PAINGLEXTF,,,,
PANUMAUTS,,,,
PARCODEWKP,,,,
PARCODTX,,,,
PARENTCD,,,,
PARENTITM,,,,
PARISCHQS,,,,
PARISMAP,,,,
PARITEMWK,,,,
PARUSRDEF,,,,
PAUAUTACC,,,,
PAUAUTASS,,,,
PAUAUTJOB,,,,
PAY64,,,,
PAYACRCOD,,,,
PAYCTLEXT,,,,
PAYEMPACR,,,,
PAYEMPACRW,,,,
PAYEMPHSTA,,,,
PAYEVENT,,,,
PAYEVENTEM,,,,
PAYFCSWKP,,,,
PAYGDINB,,,,
PAYGETPHS,,,,
PAYGHIST,,,,
PAYGHSTSV,,,,
PAYGLCTL,,,,
PAYGSDFT,,,,
PAYLEVRAT,,,,
PAYMENTS,,,,
PAYMTSUMM,,,,
PAYORDWK,,,,
PAYPAKWKF,,,,
PAYPAREXT,,,,
PAYPOSTWK,,,,
PAYRATEHSP,,,,
PAYRATEUPP,,,,
PAYSLPDWK,,,,
PAYSLPSWK,,,,
PAYSUMWK,,,,
PAYSUPWKF,,,,
PAYTCSEQ,,,,
PAYTCSQWK,,,,
PBARECWK,,,,
PBCATCOL,,,,
PBCATEDT,,,,
PBCATFMT,,,,
PBCATTBL,,,,
PBCATVLD,,,,
PBNKDWKF,,,,
PCINTPARM,,,,
PCPRDCPP,,,,
PCPRTMP,,,,
PCTAMCAP,,,,
PCTAXEXHS,,,,
PCTAXEXT,,,,
PCTAXHSP,,,,
PCTAXZCP,,,,
PCTXCPVP,,,,
PCVCLMAUD,,,,
PCVCLMCOD,,,,
PCVITMTXT,,,,
PCVJOBS,,,,
PCVMOSITM,,,,
PCVTRCODE,,,,
PCVTRTX,,,,
PCVVALLNK,,,,
PCVVARDD,,,,
PCVVARHD,,,,
PDAYDETL,,,,
PDAYDTWK,,,,
PDAYHDWK,,,,
PDAYHEAD,,,,
PDCLMHIST,,,,
PDDSCLMHS,,,,
PDIMPRVM,,,,
PDSTATUS,,,,
PEBNKAUDIT,,,,
PEBNKEBP,,,,
PEBNKEXTP,,,,
PEMADAUD,,,,
PEMADHSP,,,,
PEMADPDP,,,,
PEMAMEAP,,,,
PEMASHSP,,,,
PEMASMXP,,,,
PEMJWRKF,,,,
PEMOEOEP,,,,
PEMPAUDIT,,,,
PEMPCRED,,,,
PEMPEXTHS,,,,
PEMPJEJP,,,,
PEMPMEMP,,,,
PEMPMHSP,,,,
PEMPOEOP,,,,
PEMPOHSP,,,,
PEMPSDATE,,,,
PEMPSTATS,,,,
PEMPSWK,,,,
PEMPTERMR,,,,
PEMPXEXP,,,,
PENDJRN,,,,
PENTCODP,,,,
PENTCWRKF,,,,
PERIODMAP,,,,
PERMODCOD,,,,
PERROLHIS,,,,
PESALESP,,,,
PESPFESP,,,,
PETYPETP,,,,
PEUDDUDP,,,,
PEUDFEUP,,,,
PEWKTYPE,,,,
PEXTFILE,,,,
PEXTPF,,,,
PEXTSCAN,,,,
PFFILES,,,,
PFSTUSRDEF,,,,
PFTCUSRDEF,,,,
PGCTRWKP,,,,
PGLWKGWP,,,,
PGSRTGLP,,,,
PIACRWKS,,,,
PIWRKF,,,,
PJBWKJWP,,,,
PJOBAPJP,,,,
PJOBMRGAP,,,,
PJOBS,,,,
PLANT,,,,
PLANTX,,,,
PLEAVHSP,,,,
PLEAVPLP,,,,
PLINVDET,,,,
PLINVHDR,,,,
PLMLRPZ,,,,
PLNTRATE,,,,
PLSUMMARY,,,,
PLSUMSAVE,,,,
POAPPAUD,,,,
POAPPROVE,,,,
POAVBUDG,,,,
PODETFRGC,,,,
POEMAILWK,,,,
POEXTHCAN,,,,
POEXTHIRE,,,,
POHEADAMD,,,,
POHEADAUD,,,,
POHEADER,,,,
POHEADEXT,,,,
POHEADHIS,,,,
POHEADVER,,,,
POIEXPVER,,,,
POITEMAMD,,,,
POITEMAUD,,,,
POITEMEXP,,,,
POITEMHIS,,,,
POITEMVER,,,,
POJOBAUT,,,,
POJRPWKP,,,,
POLOCWK,,,,
POLODATA,,,,
POMTCHWRK,,,,
PONCDTLP,,,,
PONCOOCP,,,,
POP1DESC,,,,
POPRNTAUD,,,,
POREPTWK,,,,
PORNMWK,,,,
POSENDAWK,,,,
POSUPWRKF,,,,
POTCCODE,,,,
POTCCODWK,,,,
POTCDEFVL,,,,
POTCTEXT,,,,
POTEXT,,,,
POTEXTVER,,,,
POVALAUT,,,,
PPARMPPP,,,,
PPBTCHDET,,,,
PPBTCHHED,,,,
PPCTLHSP,,,,
PPCTLPZP,,,,
PPDEPEDP,,,,
PPENTPEP,,,,
PPGLDPKP,,,,
PPINVAUD,,,,
PPINVNVP,,,,
PPOSCEPP,,,,
PPPERPMP,,,,
PPRDKPKP,,,,
PPRDTHSP,,,,
PPRDTPGP,,,,
PPRNFHSP,,,,
PPRNFPYP,,,,
PPRSMPSP,,,,
PPRSMPSPW,,,,
PPRSMSAVF,,,,
PPRSMWKP,,,,
PPRTERPP,,,,
PPSANN,,,,
PPSCDPQP,,,,
PPSECSQP,,,,
PPSPAYID,,,,
PPTHSPHP,,,,
PPTTRACCP,,,,
PPTTRPTP,,,,
PPTTRPTVP,,,,
PQDSCQDP,,,,
PQRTEQRP,,,,
PQTRNQTP,,,,
PRASCII,,,,
PRCLAIMFL,,,,
PRCLMWRKF,,,,
PRDPRHIS,,,,
PRDPRICE,,,,
PREPROWK,,,,
PRIACTWK,,,,
PRICELIST,,,,
PRICEUPD,,,,
PRJCONTWK,,,,
PRJCSHWRD,,,,
PRJCSHWRK,,,,
PRJDEFN,,,,
PRJEMPCOD,,,,
PRJMODDEF,,,,
PRJPLNITM,,,,
PRJSTSWRKF,,,,
PRJTEMDEF,,,,
PRJTEMHED,,,,
PRODUPDATA,,,,
PROJHIST,,,,
PROJMGR,,,,
PROJMH,,,,
PROJTYPES,,,,
PROJTYPEX,,,,
PRRGSUMWF,,,,
PRSTRAWK,,,,
PRTAMRAP,,,,
PRTD,,,,
PRTH,,,,
PSGDETL,,,,
PSUPFAUD,,,,
PSUPFPFP,,,,
PSUSPCODE,,,,
PTAXNZP,,,,
PTAXPNG,,,,
PTEMPA,,,,
PTEMPB,,,,
PTERMCODE,,,,
PTHSWRKF,,,,
PTRLKTLP,,,,
PTTRDLYP,,,,
PTTRWRKF,,,,
PUMPCREW,,,,
PUMPHIRE,,,,
PUMPISNOT,,,,
PUMPLGNOT,,,,
PUMPODNOT,,,,
PYJDDVWF,,,,
QCWORK,,,,
QDMSDET,,,,
QDMSFLDDS,,,,
QDMSREG,,,,
QGCEXHIBT,,,,
QLOCNLCP,,,,
QLQTYLQP,,,,
QPADEV000Q,,,,
QPADEV004H,,,,
QPADEV005C,,,,
QPADEV0062,,,,
QPADEV0063,,,,
QPADEV008L,,,,
QPADEV0090,,,,
QPADEV00C0,,,,
QPADEV00CD,,,,
QPADEV00HF,,,,
QPADEV00JB,,,,
QTRAKDET,,,,
QTYRATEWKP,,,,
QVCASHREC,,,,
QVINVOICE,,,,
QWTYPWTP,,,,
RATINGS,,,,
RATTYPES,,,,
RCDFMT,,,,
RDOCODEWK,,,,
REBUILD,,,,
REBUILDAFT,,,,
REBUILDBEF,,,,
REBWORK,,,,
REGDETAIL,,,,
REGENTRY,,,,
REGTEXT,,,,
REGTYPES,,,,
REGTYPJOB,,,,
REMSBACCT,,,,
REPGRPDIV,,,,
REPORTDS,,,,
REPORTGRP,,,,
REPSUNITS,,,,
REPUNITS,,,,
RESCCONST,,,,
RESCODES,,,,
RESCODEUPL,,,,
RESOURCE,,,,
RESRCEAMD,,,,
RESRCEDES,,,,
RESRCEDWK,,,,
RESRCEWK,,,,
RET1DETL,,,,
RET1SUMM,,,,
RETNHIST,,,,
RETNRCPTS,,,,
REVENUE,,,,
REVENUETP,,,,
RFCCAUSES,,,,
RFCCREDIT,,,,
RFCDETAIL,,,,
RFCHEADER,,,,
RFJOBHIST,,,,
RFSCHIST,,,,
RSCSUMWRK,,,,
RSMWRKF,,,,
RV1,,,,
RVCRPRF,,,,
RVCRPRS,,,,
RVPCTL,,,,
SAGPAYDISW,,,,
SAGPAYDW1,,,,
SAGPAYVTX,,,,
SAGPAYW2,,,,
SAGPAYW3,,,,
SAGPAYWK,,,,
SAGPAYWM,,,,
SALALLACC,,,,
SALALLEMP,,,,
SALALLOC,,,,
SALALLPWK,,,,
SAVEDFILT,,,,
SCAGRDRTX,,,,
SCANALLWF,,,,
SCAUTUSER,,,,
SCCAUDIT,,,,
SCCCODES,,,,
SCCDETAIL,,,,
SCCDETCHA,,,,
SCCDETCHG,,,,
SCCDETCHH,,,,
SCCDETCHN,,,,
SCCDETEXT,,,,
SCCDETJOB,,,,
SCCDETNOF,,,,
SCCDETNOT,,,,
SCCEXPWK,,,,
SCCFAMILY,,,,
SCCFIELDS,,,,
SCCLAIMFL,,,,
SCCLAMDET,,,,
SCCLAMDTWK,,,,
SCCLAMHED,,,,
SCCONTFMT,,,,
SCCONTFMTD,,,,
SCCONTRACT,,,,
SCCONTTYP,,,,
SCCPAYMHLD,,,,
SCDOCSUFX,,,,
SCDORTYPE,,,,
SCEMAILWK,,,,
SCEXTENP,,,,
SCHDFILE,,,,
SCHDFTTXT,,,,
SCHEADAMD,,,,
SCHEADBUI,,,,
SCHEADER,,,,
SCHEADHST,,,,
SCHELD,,,,
SCITEMAMD,,,,
SCITEMEXT,,,,
SCITEMHST,,,,
SCITEMS,,,,
SCLABOUR,,,,
SCNARRATV,,,,
SCNOTES,,,,
SCPADVRWK,,,,
SCPARM,,,,
SCPAYAREV,,,,
SCPAYHEXT,,,,
SCPAYRFTX,,,,
SCPAYTEXT,,,,
SCRATEDTL,,,,
SCRATEWK,,,,
SCRATING,,,,
SCRDTLWK,,,,
SCREASDKT,,,,
SCREASDSC,,,,
SCRECR2WK,,,,
SCRETNHLD,,,,
SCSELECT,,,,
SCSSPOOL,,,,
SCSTDREAS,,,,
SCSTDRSCD,,,,
SCTEXTPP,,,,
SCTLCLASS,,,,
SCTLINVNI,,,,
SCTLMAST,,,,
SCTLMAUD,,,,
SCTLMEXT,,,,
SCTLMPSUP,,,,
SCTLPROD,,,,
SCTLSTDET,,,,
SCTLSTHED,,,,
SCTLSUBCL,,,,
SCTLTRANS,,,,
SCTLWAUD,,,,
SCTLWHSE,,,,
SCTLWLOCN,,,,
SCTXTTYP,,,,
SCURVES,,,,
SCURVEVER,,,,
SCUVAPAUD,,,,
SCUVARAPP,,,,
SCUVATEXT,,,,
SCUVEMAIL,,,,
SCVAREXCL,,,,
SCVARNFL,,,,
SCWCFILE,,,,
SCWRKDCKT,,,,
SCWRKDHIS,,,,
SCWRKDHST,,,,
SELDTDP,,,,
SELHTHP,,,,
SELPAYTRMW,,,,
SHPCHARGE,,,,
SHPCHGTYP,,,,
SHPDELSPL,,,,
SHPDETAIL,,,,
SHPHEADER,,,,
SICOMMENT,,,,
SICOMMHIS,,,,
SICOMMORG,,,,
SITEDTUPL,,,,
SORPARMP,,,,
SOSCRDASS,,,,
SOSSUBCAT,,,,
SPADISAUD,,,,
SPADISTRB,,,,
SPASTATUS,,,,
SPASTSAUD,,,,
SPAUTWKF,,,,
SPDOCS,,,,
SPLTFILE,,,,
SPOOLFILE,,,,
SPOOLFILES,,,,
SRCECRED,,,,
SRCESYSP,,,,
SSACTBRAT,,,,
SSACTCOMM,,,,
SSACTDET,,,,
SSACTDTEX,,,,
SSACTHDEX,,,,
SSACTHED,,,,
SSACTWKP,,,,
SSADWOINV,,,,
SSCEBILWK,,,,
SSCODES,,,,
SSCONTEXT,,,,
SSCONTHED,,,,
SSCONTOSE,,,,
SSDEPARTM,,,,
SSEQUIP,,,,
SSEQUPREG,,,,
SSPNDMAT,,,,
SSRVARLOG,,,,
SSSCHDDET,,,,
SSSCHDHED,,,,
SSSCHDINT,,,,
SSSITEDET,,,,
SSSTATUS,,,,
SSWOACTRT,,,,
SSWOHDEXT,,,,
SSWOHEAD,,,,
SSWOTBINV,,,,
SSWOTEXT,,,,
SSWOTPINV,,,,
STATHIST,,,,
STDREASON,,,,
STDRSDESC,,,,
STINVCLS,,,,
STKAVALWK,,,,
STKBCHRWK,,,,
STKLNOTES,,,,
STKLOTDET,,,,
STKONHAND,,,,
STKTOVRCSV,,,,
STKTOVRWK,,,,
STKTRNOVR,,,,
STKUPDATA,,,,
STLOCATN,,,,
STOCK,,,,
STOCKTAKE,,,,
STOREDESC,,,,
STPEVTITM,,,,
STPPAYDET,,,,
STPPAYDWK,,,,
STPPAYSUM,,,,
STPPAYSWK,,,,
STPPYSAMD,,,,
SUBCODES,,,,
SUBCONDET,,,,
SUBTHIST,,,,
SUMCONWK,,,,
SUPERCSVF,,,,
SUPERWRKF,,,,
SUPJOBOVR,,,,
SUPJOBPRI,,,,
SUPPAYWRK,,,,
SUPPRICE,,,,
SYA1REP,,,,
SYA5REP,,,,
SYAVREP,,,,
SYAYREP,,,,
SYAZREP,,,,
SYB0CPP,,,,
SYBXREP,,,,
SYBYREP,,,,
SYBZCPP,,,,
SYSPAMND,,,,
SYSTEM,,,,
TAXCODES,,,,
TAXPAYMNT,,,,
TAXPAYMNTW,,,,
TAXPAYTYS,,,,
TAXPAYUPW,,,,
TAXPAYWRK,,,,
TAXTRANS,,,,
TCATGTCP,,,,
TCMGRCMP,,,,
TDAUDIT,,,,
TDCDWRK,,,,
TDCOMMENT,,,,
TDCOMMHIS,,,,
TDCURRENT,,,,
TDDEFAULT,,,,
TDEMPDFT,,,,
TDGROUP,,,,
TDHISTORY,,,,
TDPROJMGR,,,,
TDSTATHIS,,,,
TDSTATUS,,,,
TDWORK,,,,
TEXINTPARM,,,,
TEXINVDTL,,,,
TEXINVERR,,,,
TEXINVHED,,,,
TEXINVREJ,,,,
TEXINVUPL,,,,
TEXVARINC,,,,
TIMEACT,,,,
TIMEAUDIT,,,,
TIMECOMM,,,,
TIMECURR,,,,
TIMECURRD,,,,
TIMEFCAST,,,,
TIMEFCCOM,,,,
TIMEFCRAT,,,,
TIMEHIST,,,,
TIMEHISTD,,,,
TIMESTAT,,,,
TIMETASK,,,,
TIMEUSER,,,,
TP_LAG,,,,
TPHASE_D,,,,
TPHASE_DS,,,,
TPHASE_H,,,,
TPHASE_HS,,,,
TPINFPIP,,,,
TPINSINP,,,,
TPRABN,,,,
TPRPAYEE,,,,
TPRPAYER,,,,
TPRPYEDTL,,,,
TPRPYEDTLW,,,,
TPRPYRPYE,,,,
TPRSUPPLER,,,,
TPRVERSION,,,,
TPSRVPVP,,,,
TRACTRAN,,,,
TRADECODE,,,,
TRADEREL,,,,
TRADETEXT,,,,
TRADETXHS,,,,
TRANCODE,,,,
TRANTYPE,,,,
TRGINFO,,,,
TRIPDTLS,,,,
TRNTCRCP,,,,
TROUTROP,,,,
TRUSTMAST,,,,
TSCARECWK,,,,
TSENTTIME,,,,
TSFRMSVP,,,,
TSPSTRPWK,,,,
TSWRKF,,,,
TSWRKF2,,,,
TTENTTNP,,,,
TTEXTTNP,,,,
TTINTPARM,,,,
TTJWRKA,,,,
TTJWRKB,,,,
TTJWRKF,,,,
TTLSETLP,,,,
TTRWRKF,,,,
TTSCHTSP,,,,
TTTOVTOP,,,,
TTTYPTTP,,,,
UA_USER,,,,
UAGSECFUN,,,,
UCQLODATA,,,,
UDFCNAME,,,,
UDFCVALUE,,,,
UDFNAME,,,,
UDFUSRDEFW,,,,
UDFVALUE,,,,
UMWRKWKP,,,,
UNRESDEF,,,,
UNRESLIST,,,,
UNSECAMD,,,,
UNSECURED,,,,
UNSNMLSWF,,,,
UPCREDTOR,,,,
UPDCODWK,,,,
UPDEBTOR,,,,
UPDGLFJBW,,,,
UPEMPN,,,,
UPLGLSUM,,,,
UPRATE,,,,
UPRESCODE,,,,
UPSACTBRAT,,,,
UPWOCOST,,,,
UPWOHEAD,,,,
UPWOINDCDE,,,,
USERBP,,,,
USERDIVS,,,,
USERWKGRP,,,,
USPYRAMD,,,,
USPYRANAL,,,,
USRAPPDET,,,,
USRAPPSUM,,,,
USRDOCSEC,,,,
USREMPMAP,,,,
USRGRPSEC,,,,
VABAWORK,,,,
VARBDGT,,,,
VARCONS,,,,
VARHDFDSC,,,,
VARHEADDS,,,,
VARHEDEXT,,,,
VARITEMDS,,,,
VARITMEXT,,,,
VARNDATA,,,,
VARNHIST,,,,
VARPMWITM,,,,
VARREGSEC,,,,
VARRSNWK,,,,
VARUPLOAD,,,,
VBWKF_SP,,,,
VBWKFILE,,,,
VGALLOWP,,,,
VGCCODEP,,,,
VGCLIENTP,,,,
VGJOBHP,,,,
VGJOBP,,,,
VGMPURNHP,,,,
VGMPURNP,,,,
VITEMHIST,,,,
VITMAMND,,,,
VRAPPAUD,,,,
VRAPPROVE,,,,
VRAPPTEXT,,,,
VRPEMAILS,,,,
VRSENDAWK,,,,
VSCORPQ,,,,
WALTEROLP,,,,
WCGCOACTL,,,,
WCGDFTGL,,,,
WCGDIVN,,,,
WCGDSP,,,,
WEXTFILE,,,,
WHTXTHXP,,,,
WIPREPP,,,,
WKHRSRWRKP,,,,
WKIDEXTRC,,,,
WOCOSTUPL,,,,
WOEXTRACT,,,,
WOHEADER,,,,
WOHISTORY,,,,
WOINTPARM,,,,
WOINTUPL,,,,
WOINTWRKF,,,,
WOMASTER,,,,
WORDHIST,,,,
WORKFILE,,,,
WORKGROUP,,,,
WORKIDS,,,,
WORKJTRN,,,,
WORKSOR,,,,
WORKSORD,,,,
WORKSUMM,,,,
WORKTYPES,,,,
WPCOMMENT,,,,
WRKIDSEC,,,,
WSAUDFILC,,,,
WTFCSTFP,,,,
WWHISWCP,,,,
WWHISWDP,,,,
WWHISWHP,,,,
WWHISWIP,,,,
WWPCDUPL,,,,
WWPCDWPP,,,,
WWPCDWPPDP,,,,
WWPCDWPPX,,,,
WWSPHWLP,,,,
WWTXTHIS,,,,
WWTXTWDP,,,,
WWTXTWXP,,,,
XFERFILE,,,,
XTRACTWK,,,,
YRANL1000,,,,
ZZPEMPMEMP,,,,
